{
    "context_precision": {
        "reasoning": 0.8571428570571429,
        "simple": 0.9999999999000001
    },
    "faithfulness": {
        "reasoning": 0.48146520146520144,
        "simple": 0.4970628028754963
    },
    "answer_relevancy": {
        "reasoning": 0.6513433402833558,
        "simple": 0.6713934652048935
    },
    "context_recall": {
        "reasoning": 1.0,
        "simple": 1.0
    }
}